/*
SQLyog Ultimate v11.3 (64 bit)
MySQL - 5.5.20 : Database - ht
*********************************************************************
*/


/*!40101 SET NAMES utf8 */;

/*!40101 SET SQL_MODE=''*/;

/*!40014 SET @OLD_UNIQUE_CHECKS=@@UNIQUE_CHECKS, UNIQUE_CHECKS=0 */;
/*!40014 SET @OLD_FOREIGN_KEY_CHECKS=@@FOREIGN_KEY_CHECKS, FOREIGN_KEY_CHECKS=0 */;
/*!40101 SET @OLD_SQL_MODE=@@SQL_MODE, SQL_MODE='NO_AUTO_VALUE_ON_ZERO' */;
/*!40111 SET @OLD_SQL_NOTES=@@SQL_NOTES, SQL_NOTES=0 */;
CREATE DATABASE /*!32312 IF NOT EXISTS*/`ht` /*!40100 DEFAULT CHARACTER SET utf8 */;

USE `ht`;

/*Table structure for table `dept_p` */

DROP TABLE IF EXISTS `dept_p`;

CREATE TABLE `dept_p` (
  `DEPT_ID` varchar(40) NOT NULL,
  `PARENT_ID` varchar(40) DEFAULT NULL COMMENT '自关联，多对一',
  `DEPT_NAME` varchar(50) DEFAULT NULL,
  `STATE` int(11) DEFAULT NULL COMMENT '1启用0停用',
  `CREATE_BY` varchar(40) DEFAULT NULL,
  `CREATE_DEPT` varchar(40) DEFAULT NULL,
  `CREATE_TIME` timestamp NOT NULL DEFAULT CURRENT_TIMESTAMP ON UPDATE CURRENT_TIMESTAMP,
  `UPDATE_BY` varchar(40) DEFAULT NULL,
  `UPDATE_TIME` timestamp NOT NULL DEFAULT '0000-00-00 00:00:00',
  PRIMARY KEY (`DEPT_ID`)
) ENGINE=InnoDB DEFAULT CHARSET=utf8;

/*Data for the table `dept_p` */

insert  into `dept_p`(`DEPT_ID`,`PARENT_ID`,`DEPT_NAME`,`STATE`,`CREATE_BY`,`CREATE_DEPT`,`CREATE_TIME`,`UPDATE_BY`,`UPDATE_TIME`) values ('100','','集团总部',1,NULL,NULL,'2017-06-02 16:07:02',NULL,'0000-00-00 00:00:00'),('100200','100','人事部',1,NULL,NULL,'2017-06-02 16:23:38',NULL,'0000-00-00 00:00:00'),('100400','100','科研部',1,NULL,NULL,'2017-06-03 09:17:19',NULL,'0000-00-00 00:00:00'),('100500','100','采购部',1,NULL,NULL,'2017-06-02 18:45:24',NULL,'0000-00-00 00:00:00');

/*Table structure for table `module_p` */

DROP TABLE IF EXISTS `module_p`;

CREATE TABLE `module_p` (
  `MODULE_ID` varchar(40) NOT NULL,
  `PARENT_ID` varchar(40) DEFAULT NULL COMMENT '父模块ID',
  `NAME` varchar(100) DEFAULT NULL,
  `CTYPE` int(11) DEFAULT NULL COMMENT '1主菜单/2左侧菜单/3按钮',
  `STATE` int(11) DEFAULT NULL COMMENT '1启用0停用',
  `ORDER_NO` int(11) DEFAULT NULL,
  `REMARK` varchar(100) DEFAULT NULL,
  `CREATE_BY` varchar(40) DEFAULT NULL,
  `CREATE_DEPT` varchar(40) DEFAULT NULL,
  `CREATE_TIME` timestamp NOT NULL DEFAULT CURRENT_TIMESTAMP ON UPDATE CURRENT_TIMESTAMP,
  `UPDATE_BY` varchar(40) DEFAULT NULL,
  `UPDATE_TIME` timestamp NOT NULL DEFAULT '0000-00-00 00:00:00',
  PRIMARY KEY (`MODULE_ID`)
) ENGINE=InnoDB DEFAULT CHARSET=utf8;

/*Data for the table `module_p` */

insert  into `module_p`(`MODULE_ID`,`PARENT_ID`,`NAME`,`CTYPE`,`STATE`,`ORDER_NO`,`REMARK`,`CREATE_BY`,`CREATE_DEPT`,`CREATE_TIME`,`UPDATE_BY`,`UPDATE_TIME`) values ('143e95ad-a256-4e89-9632-84510834c6a2','','基础信息',1,1,2,'基本信息的维护',NULL,NULL,'2017-06-03 10:38:25',NULL,'2017-03-24 20:46:54'),('3b400561-471e-4490-8ab3-4f7393da3c38','a10cdf8a-8756-4157-8635-419534193cd0','部门--修改',3,1,9,'部门的修改',NULL,NULL,'2017-06-03 10:36:15',NULL,'2017-03-24 20:50:32'),('4da326ea-849c-4e36-976b-96695610d1bb','','系统管理',1,1,3,'系统管理的维护工作',NULL,NULL,'2017-06-03 10:38:26',NULL,'2017-03-24 20:47:13'),('51f100f6-04e6-4945-8d8a-938ec0da8ee3','4da326ea-849c-4e36-976b-96695610d1bb','角色管理',2,1,6,'角色模块的管理',NULL,NULL,'2017-06-03 10:35:37',NULL,'2017-03-24 20:49:17'),('5cdab323-6fc1-479c-a293-a8b7428e242b','4da326ea-849c-4e36-976b-96695610d1bb','模块管理',2,1,7,'负责模块的正常维护',NULL,NULL,'2017-05-31 18:38:09',NULL,'2017-03-24 20:49:42'),('a10cdf8a-8756-4157-8635-419534193cd0','4da326ea-849c-4e36-976b-96695610d1bb','部门管理',2,1,4,'部门的管理',NULL,NULL,'2017-06-03 10:36:20',NULL,'2017-03-24 20:48:02'),('b2e715b9-dd3a-436e-9b98-86662f6a68e3','','货运管理',1,1,1,'负责货物的运送',NULL,NULL,'2017-06-03 14:00:27',NULL,'2017-03-24 20:46:28'),('da603afb-0fc2-4bce-b066-87cc6885e120','4da326ea-849c-4e36-976b-96695610d1bb','用户管理',1,1,5,'负责用户的管理',NULL,NULL,'2017-06-03 10:36:20',NULL,'2017-03-24 20:48:40'),('e6314888-8186-4bc2-a00d-1705447dec7b','a10cdf8a-8756-4157-8635-419534193cd0','部门--新增',3,1,8,'部门的新增按钮',NULL,NULL,'2017-06-03 10:36:18',NULL,'2017-03-24 20:50:07');

/*Table structure for table `role_module_p` */

DROP TABLE IF EXISTS `role_module_p`;

CREATE TABLE `role_module_p` (
  `MODULE_ID` varchar(40) DEFAULT NULL,
  `ROLE_ID` varchar(40) DEFAULT NULL
) ENGINE=InnoDB DEFAULT CHARSET=utf8;

/*Data for the table `role_module_p` */

insert  into `role_module_p`(`MODULE_ID`,`ROLE_ID`) values ('b2e715b9-dd3a-436e-9b98-86662f6a68e3','e5fe6075-0e81-464f-beae-8f5458ad2968'),('143e95ad-a256-4e89-9632-84510834c6a2','e5fe6075-0e81-464f-beae-8f5458ad2968'),('4da326ea-849c-4e36-976b-96695610d1bb','e5fe6075-0e81-464f-beae-8f5458ad2968'),('a10cdf8a-8756-4157-8635-419534193cd0','e5fe6075-0e81-464f-beae-8f5458ad2968'),('e6314888-8186-4bc2-a00d-1705447dec7b','e5fe6075-0e81-464f-beae-8f5458ad2968'),('3b400561-471e-4490-8ab3-4f7393da3c38','e5fe6075-0e81-464f-beae-8f5458ad2968'),('da603afb-0fc2-4bce-b066-87cc6885e120','e5fe6075-0e81-464f-beae-8f5458ad2968'),('51f100f6-04e6-4945-8d8a-938ec0da8ee3','e5fe6075-0e81-464f-beae-8f5458ad2968'),('5cdab323-6fc1-479c-a293-a8b7428e242b','e5fe6075-0e81-464f-beae-8f5458ad2968');

/*Table structure for table `role_p` */

DROP TABLE IF EXISTS `role_p`;

CREATE TABLE `role_p` (
  `ROLE_ID` varchar(40) NOT NULL,
  `NAME` varchar(30) DEFAULT NULL,
  `REMARKS` varchar(100) DEFAULT NULL,
  `ORDER_NO` int(11) DEFAULT NULL,
  `CREATE_BY` varchar(40) DEFAULT NULL,
  `CREATE_DEPT` varchar(40) DEFAULT NULL,
  `CREATE_TIME` timestamp NOT NULL DEFAULT CURRENT_TIMESTAMP ON UPDATE CURRENT_TIMESTAMP,
  `UPDATE_BY` varchar(40) DEFAULT NULL,
  `UPDATE_TIME` timestamp NOT NULL DEFAULT '0000-00-00 00:00:00',
  PRIMARY KEY (`ROLE_ID`)
) ENGINE=InnoDB DEFAULT CHARSET=utf8;

/*Data for the table `role_p` */

insert  into `role_p`(`ROLE_ID`,`NAME`,`REMARKS`,`ORDER_NO`,`CREATE_BY`,`CREATE_DEPT`,`CREATE_TIME`,`UPDATE_BY`,`UPDATE_TIME`) values ('1ad04d83-2d19-4c47-bafb-59cc5797c63a','仓储管理','负责货物的管理和货物的发送',2,NULL,NULL,'2017-03-24 00:00:00',NULL,'2017-03-24 20:43:11'),('5127a60d-8c1b-4bda-b8b9-06096533a400','货运管理','负责货物的管理和销售工作',1,NULL,NULL,'2017-03-24 00:00:00',NULL,'2017-03-24 20:42:34'),('5f5fc576-d5c4-4805-b5aa-f6614c55cd35','船运专责','负责联系船运的',4,NULL,NULL,'2017-06-03 09:38:14',NULL,'2017-06-03 09:38:14'),('e5fe6075-0e81-464f-beae-8f5458ad2968','系统管理员','负责系统的正常维护工作',3,NULL,NULL,'2017-03-24 00:00:00',NULL,'2017-03-24 20:44:29');

/*Table structure for table `role_user_p` */

DROP TABLE IF EXISTS `role_user_p`;

CREATE TABLE `role_user_p` (
  `ROLE_ID` varchar(40) DEFAULT NULL,
  `USER_ID` varchar(40) DEFAULT NULL
) ENGINE=InnoDB DEFAULT CHARSET=utf8;

/*Data for the table `role_user_p` */

insert  into `role_user_p`(`ROLE_ID`,`USER_ID`) values ('e5fe6075-0e81-464f-beae-8f5458ad2968','f8002c8b-8a87-40bc-b563-bcb9cc6e101c');

/*Table structure for table `user_info_p` */

DROP TABLE IF EXISTS `user_info_p`;

CREATE TABLE `user_info_p` (
  `USER_INFO_ID` varchar(40) NOT NULL,
  `NAME` varchar(20) DEFAULT NULL,
  `CARD_NO` varchar(20) DEFAULT NULL,
  `MANAGER_ID` varchar(40) DEFAULT NULL,
  `JOIN_DATE` timestamp NOT NULL DEFAULT CURRENT_TIMESTAMP ON UPDATE CURRENT_TIMESTAMP,
  `SALARY` decimal(8,2) DEFAULT NULL,
  `BIRTHDAY` timestamp NOT NULL DEFAULT '0000-00-00 00:00:00',
  `GENDER` varchar(40) DEFAULT NULL,
  `STATION` varchar(20) DEFAULT NULL,
  `TELEPHONE` varchar(100) DEFAULT NULL,
  `USER_LEVEL` char(1) DEFAULT NULL COMMENT '4-普通用户 3-部门经理 2-副总 1-总经理 0-超级管理员',
  `REMARK` varchar(600) DEFAULT NULL,
  `ORDER_NO` int(11) DEFAULT NULL,
  `CREATE_BY` varchar(40) DEFAULT NULL COMMENT '登录人编号',
  `CREATE_DEPT` varchar(40) DEFAULT NULL COMMENT '登录人所属部门编号',
  `CREATE_TIME` timestamp NOT NULL DEFAULT '0000-00-00 00:00:00',
  `UPDATE_BY` varchar(40) DEFAULT NULL,
  `UPDATE_TIME` timestamp NOT NULL DEFAULT '0000-00-00 00:00:00',
  PRIMARY KEY (`USER_INFO_ID`)
) ENGINE=InnoDB DEFAULT CHARSET=utf8;

/*Data for the table `user_info_p` */

insert  into `user_info_p`(`USER_INFO_ID`,`NAME`,`CARD_NO`,`MANAGER_ID`,`JOIN_DATE`,`SALARY`,`BIRTHDAY`,`GENDER`,`STATION`,`TELEPHONE`,`USER_LEVEL`,`REMARK`,`ORDER_NO`,`CREATE_BY`,`CREATE_DEPT`,`CREATE_TIME`,`UPDATE_BY`,`UPDATE_TIME`) values ('2871e534-bb5c-4948-88c6-56bf704f0f79','','','---请选择---','2017-06-02 20:49:16',NULL,'2017-06-02 20:49:16','男','','','4','',NULL,NULL,NULL,'2017-06-02 00:00:00',NULL,'2017-06-02 20:49:16'),('70e263e4-6bcb-4e32-96a5-525c9e1faba9','小影','100200444555','f8002c8b-8a87-40bc-b563-bcb9cc6e101c','2017-03-05 00:00:00','6000.00','2017-01-09 00:00:00','男','','1231121321','4','普通员工',2,NULL,NULL,'2017-03-24 00:00:00',NULL,'2017-03-24 20:41:53'),('df79e84e-0397-4ce4-bbcd-3bc1aa342f88','','','---请选择---','2017-06-02 19:38:03',NULL,'2017-06-02 19:38:03','男','','','4','',NULL,NULL,NULL,'2017-06-02 00:00:00',NULL,'2017-06-02 19:38:03'),('e95c5b67-97ff-47d0-9f1e-5607ec67c4b6','诺克萨斯之手','100200300400','---请选择---','2017-03-24 00:00:00','50000.00','2017-03-24 00:00:00','男','管理员','13345661455','4','超级管理员',1,NULL,NULL,'2017-06-02 00:00:00',NULL,'2017-06-02 19:48:28'),('f8002c8b-8a87-40bc-b563-bcb9cc6e101c','诺克萨斯之手','100200300400','','2017-03-24 20:56:36','50000.00','2017-03-24 00:00:00','男','管理员','13345661455','4','超级管理员',1,NULL,NULL,'2017-03-24 00:00:00',NULL,'2017-03-24 20:39:59'),('faca717c-13ba-4bc7-b51f-092da54f2beb','','','---请选择---','2017-06-02 20:22:56',NULL,'2017-06-02 20:22:56','男','','','4','',NULL,NULL,NULL,'2017-06-02 00:00:00',NULL,'2017-06-02 20:22:56'),('fe0a85b6-3c9a-4a60-8bec-0a95ea977d52','','','---请选择---','2017-06-02 20:22:03',NULL,'2017-06-02 20:22:03','男','','','4','',NULL,NULL,NULL,'2017-06-02 00:00:00',NULL,'2017-06-02 20:22:03');

/*Table structure for table `user_p` */

DROP TABLE IF EXISTS `user_p`;

CREATE TABLE `user_p` (
  `USER_ID` varchar(40) NOT NULL,
  `DEPT_ID` varchar(40) DEFAULT NULL,
  `USERNAME` varchar(50) DEFAULT NULL,
  `PASSWORD` varchar(40) DEFAULT NULL,
  `STATE` int(11) DEFAULT NULL COMMENT '1启用0停用',
  `CREATE_BY` varchar(40) DEFAULT NULL,
  `CREATE_DEPT` varchar(40) DEFAULT NULL,
  `CREATE_TIME` timestamp NOT NULL DEFAULT CURRENT_TIMESTAMP ON UPDATE CURRENT_TIMESTAMP,
  `UPDATE_BY` varchar(40) DEFAULT NULL,
  `UPDATE_TIME` timestamp NOT NULL DEFAULT '0000-00-00 00:00:00',
  PRIMARY KEY (`USER_ID`)
) ENGINE=InnoDB DEFAULT CHARSET=utf8;

/*Data for the table `user_p` */

insert  into `user_p`(`USER_ID`,`DEPT_ID`,`USERNAME`,`PASSWORD`,`STATE`,`CREATE_BY`,`CREATE_DEPT`,`CREATE_TIME`,`UPDATE_BY`,`UPDATE_TIME`) values ('70e263e4-6bcb-4e32-96a5-525c9e1faba9','100','root','7410adb249055d9b0b2c048379055849',1,NULL,NULL,'2017-06-02 19:59:04',NULL,'2017-06-02 19:59:04'),('e95c5b67-97ff-47d0-9f1e-5607ec67c4b6','100','admin','5b27343adc013d5496159e68b4e4d6fc',1,NULL,NULL,'2017-06-02 19:59:04',NULL,'2017-06-02 19:59:04'),('faca717c-13ba-4bc7-b51f-092da54f2beb','100','aa','11',1,NULL,NULL,'2017-06-03 09:19:02',NULL,'2017-06-03 09:19:02');

/*!40101 SET SQL_MODE=@OLD_SQL_MODE */;
/*!40014 SET FOREIGN_KEY_CHECKS=@OLD_FOREIGN_KEY_CHECKS */;
/*!40014 SET UNIQUE_CHECKS=@OLD_UNIQUE_CHECKS */;
/*!40111 SET SQL_NOTES=@OLD_SQL_NOTES */;
